User,January,Febuary,March,April,May,June,July,August,September,October,November,December,January,Febuary,March,April,May,June,July,August,September,October,November,December,January,Febuary,March,April,May,June,July,August,September,October,November,December
1,17.135,15.972,25.729,17.787,17.286,21.169,28.685,21.328,17.818,21.667,17.616,22.182,27.491,27.953,17.645,26.142,24.72,26.346,20.361,18.388,24.114,22.071,19.106,22.04,27.666,28.388,20.047,20.655,22.649,26.831,15.918,21.845,25.001,29.83,24.375,26.378
2,7.338,11.116,9.333,8.194,9.56,6.474,6.598,8.561,6.387,10.719,10.947,6.114,8.752,6.155,10.45,7.122,8.758,7.473,11.911,8.909,8.147,7.76,6.371,11.728,7.286,7.134,6.074,10.404,8.304,6.029,11.804,6.345,11.031,11.461,9.684,10.995
3,20.836,17.863,24.876,29.184,15.697,24.67,28.329,23.44,24.061,27.348,16.283,25.435,20.193,20.638,28.108,28.305,20.631,19.07,24.923,22.456,26.817,25.684,27.43,25.016,29.321,19.765,27.187,23.767,24.903,15.803,16.446,17.909,23.666,28.384,28.079,15.202
4,4.695,3.066,3.64,5.23,4.216,5.53,3.868,4.923,4.503,3.847,3.448,5.225,5.844,5.866,5.633,4.032,3.758,3.563,4.85,5.639,5.598,3.535,4.179,3.768,3.398,3.977,5.745,4.401,4.419,3.101,5.945,3.408,5.158,4.298,3.463,3.927
5,9.294,13.424,12.898,9.877,16.018,11.092,15.426,11.346,16.38,12.719,10.51,15.672,16.091,17.006,10.454,11.884,11.266,15.418,14.238,11.243,11.73,17.955,16.371,16.038,17.294,12.754,17.432,10.779,15.373,10.423,14.476,13.718,13.394,16.947,14.141,12.397
6,27.286,15.857,22.921,27.925,20.663,24.965,28.265,27.562,24.463,22.819,17.759,16.204,18.273,23.072,19.013,23.025,27.987,27.443,27.156,17.206,24.272,20.641,15.345,22.254,15.663,25.957,17.844,24.024,16.442,24.293,17.451,29.755,17.244,28.03,26.784,15.178
7,17.25,15.066,12.268,17.011,15.446,11.411,11.129,15.483,11.56,16.449,14.898,15.013,17.185,17.389,17.6,13.13,14.799,14.68,16.951,9.313,11.253,10.495,12.981,17.777,10.261,12.112,13.538,10.835,15.51,16.59,14.015,12.022,12.81,17.716,15.871,11.034
8,8.566,8.797,9.126,11.399,11.733,11.062,10.438,7.78,10.974,11.182,11.841,8.887,6.923,6.265,8.667,6.361,9.508,11.692,9.622,11.19,10.196,6.09,8.55,10.861,8.674,8.351,10.29,8.185,9.912,6.095,8.883,10.827,7.954,6.432,7.421,10.826
9,5.488,5.076,4.812,3.551,3.78,4.01,5.43,3.241,5.205,4.337,3.463,5.331,4.407,4.602,4.195,3.697,4.614,3.716,3.155,4.327,3.082,4.725,4.837,3.506,5.796,5.676,4.769,3.393,5.295,4.218,4.496,5.963,5.457,5.157,4.797,3.986
10,7.453,10.15,8.728,7.614,7.531,9.484,10.317,7.019,7.018,9.489,6.259,10.728,10.601,7.233,6.393,11.863,9.52,11.643,11.744,9.487,7.437,10.892,7.287,7.679,6.937,6.28,10.144,9.988,8.378,8.67,10.729,10.355,7.865,8.472,9.532,10.451
11,12.885,11.909,13.741,10.216,10.774,10.785,9.41,14.036,10.135,11.204,14.343,9.443,9.477,11.821,13.412,14.195,10.405,9.923,11.831,11.389,9.47,12.733,9.063,11.905,12.87,10.911,11.577,11.352,10.056,12.943,9.549,11.321,9.347,11.115,13.473,12.586
12,21.922,27.127,20.114,20.361,22.063,18.082,29.377,22.578,27.345,22.195,19.026,21.938,19.93,17.494,15.345,28.576,28.97,24.567,17.566,21.938,28.863,26.734,15.303,17.393,22.707,17.723,24.815,21.483,21.524,21.591,21.886,22.333,27.799,19.805,26.66,24.606
13,4.219,3.718,4.579,5.325,5.633,3.282,5.138,5.726,5.839,4.612,4.521,3.325,5.246,3.136,3.283,3.194,5.083,5.797,3.016,4.343,5.739,3.715,3.733,3.347,5.716,4.475,5.488,4.23,5.479,5.582,5.699,3.297,3.213,4.902,4.687,5.903
14,20.067,21.381,18.039,14.262,23.29,15.539,17.296,22.422,15.46,16.906,16.351,13.413,22.942,14.615,19.117,22.29,12.846,20.258,19.795,12.226,18.239,17.971,17.823,21.662,15.988,20.545,18.294,23.329,19.445,14.956,16.339,20.959,16.267,17.96,12.987,15.503
15,19.261,22.212,17.335,16.094,16.424,17.598,17.455,16.663,19.728,19.857,22.968,13.978,22.949,14.361,17.278,14.06,23.801,23.295,20.24,19.572,21.517,22.654,16.255,14.464,21.335,15.56,19.363,18.334,22.922,16.039,20.974,15.811,14.524,21.359,23.472,14.845
16,4.795,3.599,4.212,3.572,5.842,3.675,3.638,5.882,3.784,4.695,4.75,5.177,4.809,3.235,3.714,5.336,5.268,5.757,4.817,4.68,5.012,3.286,4.211,3.956,4.594,3.616,5.757,3.937,5.029,5.088,4.365,4.83,5.122,4.445,3.413,4.853
17,4.65,4.583,5.745,5.856,3.404,5.784,3.927,5.416,3.587,4.542,3.69,5.153,3.054,5.248,5.109,5.964,4.707,3.598,4.34,5.723,4.423,5.578,3.557,5.963,3.316,3.174,5.49,3.05,5.057,3.719,4.417,4.084,5.886,5.693,4.971,5.495
18,9.619,11.234,10.373,11.265,10.672,9.483,9.616,10.694,11.083,11.842,11.609,11.415,11.625,11.032,11.293,9.089,9.141,9.879,10,9.322,11.993,9.547,11.417,9.955,9.979,11.422,11.095,11.451,11.516,9.95,11.652,11.345,10.304,11.258,9.522,10.787
19,29.309,16.924,17.33,17.312,18.739,16.874,18.874,29.212,29.341,26.352,22.218,21.44,28.001,16.069,20.296,29.775,19.475,26.989,27.673,18.955,24.742,16.171,21.006,18.089,16.944,21.268,18.667,26.405,17.211,24.229,16.817,19.262,26.159,27.822,25.07,17.913
20,25.024,15.834,17.947,27.428,18.953,29.826,24.915,19.4,15.578,29.448,25.519,17.398,23.328,16.851,21.354,22.382,15.661,27.269,24.984,26.434,24.875,19.348,17.042,16.374,21.273,19.316,28.537,20.62,19.646,16.832,29.384,27.243,23.754,21.425,15.997,29.616
21,10.067,10.288,10.971,7.158,10.974,6.271,8.941,8.112,10.01,8.359,9.707,11.738,8.169,10.087,7.037,10.717,7.799,11.181,7.775,11.456,9.685,10.133,11.294,7.059,6.981,8.607,11.389,9.893,8.665,10.82,9.287,9.117,6.732,10.696,10.857,11.097
22,4.5,4.785,3.927,3.447,4.759,3.549,5.006,3.56,3.623,5.372,4.011,5.557,4.59,4.989,4.614,5.497,5.486,5.758,3.363,4.151,3.919,3.725,5.368,3.593,3.638,3.236,4.787,5.174,4.421,4.278,5.389,4.581,5.996,5.299,4.672,4.851
23,12.329,15.445,9.842,14.295,9.933,10.184,17.849,9.151,17.283,12.827,14.443,10.331,9.193,11.572,13.252,11.016,13.012,15.946,10.398,12.691,15.898,14.187,10.487,15.144,13.224,16.045,14.495,10.451,14.1,12.218,12.72,9.442,10.944,15.164,9.109,12.927
24,17.574,11.297,9.256,14.521,11.429,16.552,12.931,15.063,10.412,14.023,10.372,15.302,11.23,12.767,16.561,14.464,16.608,10.266,13.875,17.32,15.125,11.111,14.376,14.241,17.536,15.564,15.004,17.278,15.443,9.671,13.994,11.535,11.85,12.859,13.43,14.309
25,25.024,23.797,24.148,22.65,29.385,21.781,29.667,19.592,28.833,29.832,20.417,24.745,25.914,23.558,19.23,25.518,18.453,15.495,22.171,17.931,19.232,17.944,27.678,17.487,18.256,27.682,20.452,18.365,16.752,16.752,17.164,17.429,23.929,20.959,27.136,20.618
26,10.92,7.702,10.302,10.441,11.8,7.359,10.826,11.151,8.763,8.209,11.768,11.959,9.077,9.835,11.868,10.552,7.077,6.15,9.657,7.858,7.025,8.829,7.418,6.025,7.715,8.867,11.103,10.842,9.398,7.663,9.173,7.596,6.462,10.985,10.258,10.831
27,11.318,8.971,10.804,6.56,10.654,7.805,10.656,10.504,6.936,11.301,10.746,8.049,9.975,7.561,11.084,10.965,7.172,9.082,6.814,10.817,10.403,8.48,7.768,9.246,7.687,8.371,6.193,9.127,8.79,6.069,11.91,7.505,8.98,8.704,6.088,7.141
28,4.841,3.723,4.761,4.57,3.013,4.124,5.805,5.659,4.368,3.827,5.687,4.169,5.105,3.365,4.13,4.625,4.494,4.278,4.727,3.561,4.798,3.172,4.465,3.224,5.303,3.235,3.755,4.083,4.114,4.909,3.286,5.282,5.217,3.5,4.994,4.548
29,16.11,13.284,12.263,9.304,15.596,12.573,17.25,13.744,15.378,10.075,15.755,16.052,12.787,16.032,15.511,10.52,14.339,12.064,17.275,12.903,17.342,17.754,9.841,15.06,12.938,10.801,17.728,9.919,14.312,9.862,13.605,16.446,14.596,14.463,13.932,10.514
30,12.041,12.8,9.718,11.082,15.394,14.041,14.633,12.744,16.814,14.873,15.183,17.118,13.146,17.261,14.917,10.676,14.326,13.651,9.026,15.929,13.543,14.356,15.069,9.768,13.191,15.702,11.177,12.341,14.868,17.878,11.097,16.104,11.688,11.135,13.3,9.223
31,14.395,17.244,16.608,14.156,13.928,12.979,10.389,15.448,11.105,13.464,17.579,13.12,10.054,17.885,14.454,13.07,9.732,16.138,15.081,10.246,16.997,15.6,10.837,10.37,9.967,9.25,14.1,16.459,11.721,10.741,14.72,11.753,13.619,14.95,10.618,17.126
32,21.131,12.366,19.603,17.338,13.61,16.421,12.936,15.034,22.022,19.878,17.65,22.796,21.663,14.194,20.809,16.915,18.326,22.955,13.641,20.204,19.451,18.83,16.708,17.257,14.274,17.219,13.409,20.554,20.072,13.859,17.961,23.048,16.487,18.214,19.426,22.086
33,15.705,17.739,23.07,14.519,21.333,15.292,15.421,20.704,17.515,18.768,12.881,12.872,18.863,21.732,23.939,19.335,19.58,17.965,15.035,16.313,17.577,17.538,17.555,12.044,16.46,17.298,17.286,18.83,22.46,22.798,20.79,14.609,16.492,17.188,13.311,14.645
34,12.317,15.948,21.692,20.157,16.668,22.069,15.943,23.508,12.712,20.949,17.481,19.786,12.529,19.441,23.123,15.355,19.084,15.276,17.039,23.917,12.409,19.379,23.7,21.093,20.763,22.221,15.625,23.17,12.091,23.334,17.205,12.666,20.12,13.551,16.379,22.826
35,16.045,17.382,15.468,14.211,15.347,12.842,19.71,17.468,23.095,12.147,19.086,12.673,15.506,13.036,22.557,19.607,23.193,17.614,17.196,15.544,17.293,21.105,23.308,21.238,22.986,17.207,19.63,12.053,19.028,22.57,23.306,19.77,20.611,19.768,21.346,13.932
36,23.857,24.216,17.265,24.473,17.192,27.446,20.862,28.588,17.969,19.038,29.119,23.979,24.358,17.929,24.864,29.746,27.618,23.417,15.567,29.874,28.057,23.287,18.637,23.727,28.102,29.678,27.145,20.038,26.355,18.425,20.055,16.674,29.196,18.913,24.968,27.123
37,16.832,15.151,24.349,25.277,28.79,16.445,25.931,17.895,19.748,16.274,28.768,22.195,27.056,16.662,18.899,22.939,17.693,29.166,26.207,17.6,23.904,20.292,28.778,19.008,28.595,24.262,22.472,28.798,28.289,28.074,26.824,29.186,26.391,22.008,23.227,16.527
38,26.529,19.599,21.628,20.014,17.042,29.672,27.925,21.699,16.963,23.314,21.055,26.508,24.461,26.397,15.457,17.794,29.4,27.006,17.376,15.153,19.164,16.643,27.975,19.184,15.863,15.109,19.12,22.068,24.993,19.788,18.651,28.604,20.095,29.534,26.101,20.967
39,4.179,5.734,4.199,4.185,5.032,3.26,3.107,5.127,4.249,5.054,4.465,5.479,3.421,4.08,5.164,3.78,4.537,5.103,3.561,3.655,4.983,3.152,5.61,3.944,3.214,4.275,5.883,3.394,5.622,5.86,4.816,3.492,3.925,5.087,3.817,3.356
40,4.607,4.386,5.333,3.097,3.608,4.11,4.673,3.181,5.967,4.913,3.53,4.266,5.756,4.387,4.686,4.938,3.451,5.284,5.364,4.382,5.131,3.068,5.273,5.028,5.685,5.389,4.45,3.427,3.097,5.352,3.594,3.203,5.941,5.919,5.294,4.027
41,5.225,3.667,4.756,3.388,5.3,5.807,4.471,5.797,5.182,5.438,5.821,4.612,4.27,4.943,5.856,5.345,4.838,3.006,5.385,4.705,5.728,3.388,5.229,5.307,4.42,5.399,3.505,4.401,3.099,3.357,3.076,4.832,3.706,3.332,4.032,5.484
42,11.542,9.873,7.326,8.122,6.293,11.177,6.844,11.411,6.145,7.987,10.384,8.969,8.443,11.795,7.637,7.709,6.155,8.948,11.711,11.097,6.347,11.9,8.689,11.101,6.485,7.733,6.74,10.781,9.381,8.895,11.163,11.095,10.17,11.812,10.31,10.395
43,9.333,11.662,6.369,10.567,10.647,10.064,9.578,10.205,11.586,9.655,10.752,11.253,11.924,10.314,10.917,9.743,9.84,6.754,7.046,6.169,10.013,10.066,10.837,7.957,6.067,11.468,10.343,7.61,6.017,7.408,8.713,8.945,7.535,7.37,7.855,11.062
44,5.201,5.876,4.275,5.674,3.053,5.571,4.589,5.18,4.486,3.801,3.581,4.109,5.605,4.62,4.083,3.411,3.943,5.894,4.31,4.973,5.608,5.92,5.207,5.007,3.606,4.401,3.439,3.507,3.006,3.575,3.796,4.484,3.824,3.5,4.221,5.089
45,17.445,15.311,11.346,10.611,13.508,16.841,15.234,9.507,12.822,10.736,15.829,16.24,12.501,14.457,11.425,10.096,10.205,11.839,9.598,16.698,13.627,12.159,9.503,10.518,10.008,10.391,11.087,9.261,12.092,17.368,13.536,12.42,12.762,16.781,17.661,16.782
46,9.003,14.233,16.262,14.789,10.76,14.984,11.776,14.054,15.565,14.092,13.216,15.951,13.086,11.151,13.585,16.043,9.967,9.937,15.266,15.492,9.511,14.486,13.856,9.928,9.809,14.848,9.747,10.448,14.02,17.306,13.03,10.441,11.334,13.98,14.306,10.207
47,16.253,12.68,12.59,12.874,11.757,14.684,17.106,14.826,17.987,11.908,9.817,14.232,16.769,16.339,12.066,16.363,11.487,15.272,10.563,13.676,14.296,17.822,10.343,13.454,12.543,9.895,13.682,9.372,13.773,13.419,13.653,13.125,9.399,16.379,16.58,15.689
48,19.813,23.22,21.058,20.301,21.406,18.88,13.627,19.918,18.955,12.186,15.132,22.597,17.463,16.48,21.626,19.501,23.798,12.501,23.573,20.006,12.073,19.182,15.65,23.312,13.667,23.42,22.759,20.065,22.928,15.533,17.939,22.381,14.779,13.655,16.883,22.361
49,18.485,16.169,14.879,14.025,13.96,22.714,17.463,16.406,21.774,14.134,15.886,13.58,14.361,21.828,17.901,20.075,23.522,16.565,19.773,16.585,16.25,22.833,13.991,22.779,19.035,17.489,19.271,16.952,21.315,17.943,12.149,21.272,14.031,18.505,16.666,16.764
50,21.915,19.742,16.855,16.289,21.211,15.583,19.165,23.092,15.264,16.526,21.767,16.797,21.071,12.766,14.901,23.214,13.873,18.184,22.872,13.786,17.354,21.65,22.55,16.735,22.111,18.165,14.253,22.422,14.074,19.58,14.978,13.918,18.848,14.034,20.89,15.502
51,18.226,18.141,13.271,20.336,14.01,19.251,14.271,12.331,22.383,12.998,12.543,14.015,19.552,15.085,12.024,14.215,21.036,16.116,15.723,14.231,15.172,20.55,21.365,22.785,20.593,18.655,14.906,21.368,17.337,17.209,19.567,13.312,13.364,23.254,18.054,17.967
52,3.151,3.737,3.921,4.257,4.737,3.443,3.274,4.256,4.808,3.328,4.443,3.358,3.968,3.809,4.531,4.105,3.708,3.504,3.766,4.215,4.259,3.547,4.126,3.558,4.242,4.46,3.795,4.287,4.844,4.63,4.196,3.494,4.632,3.209,4.541,4.406
53,50.795,54.82,37.128,57.095,37.956,38.18,53.142,47.262,53.013,41.28,30.328,50.498,58.292,39.624,39.671,45.615,50.831,40.912,44.369,34.532,45.323,40.773,42.827,34.565,32.419,34.041,35.148,44.81,30.282,30.399,37,57.853,40.327,35.573,30.917,36.724
54,12.89,10.579,11.834,12.249,13.482,11.131,13.629,11.8,13.636,12.026,12.712,13.624,13.139,10.737,11.04,10.361,12.994,12.902,12.537,13.988,13.743,10.384,10.797,12.947,12.004,10.978,13.618,11.411,10.85,12.197,12.478,11.898,11.109,10.421,12.906,10.811
55,41.615,22.665,40.145,28.686,29.141,32.876,22.208,29.464,39.536,32.436,21.314,29.752,23.642,31.355,31.432,40.716,41.875,36.875,25.487,31.186,40.357,33.227,22.628,31.547,25.252,23.886,40.291,39.231,39.061,36.981,34.241,21.645,24.905,23.625,39.713,40.876
56,18.026,15.347,22.874,23.081,14.075,17.937,12.234,14.46,18.612,22.81,16.884,16.166,20.999,13.689,21.971,23.196,23.701,21.234,17.352,16.593,16.898,12.202,13.794,21.552,15.119,22.277,21.167,14.815,22.083,21.039,13.925,18.488,16.227,18.728,22.946,23.818
57,6.355,8.565,6.982,11.397,9.374,7.069,7.218,11.883,10.083,8.76,10.026,10.842,7.128,9.718,8.776,6.303,11.874,7.824,9.515,8.059,8.647,7.659,8.197,7.175,9.053,9.395,7.443,10.092,8.603,11.803,6.553,11.428,10.282,9.077,9.106,6.237
58,45.023,47.473,33.906,44.253,40.897,40.269,24.58,33.869,26.53,24.905,26.818,34.376,45.186,34.85,34.478,24.344,32.53,43.585,37.804,38.035,26.012,36.728,31.332,32.53,45.822,45.238,26.081,30.011,43.709,47.256,26,45.526,41.698,31.762,34.576,40.259
59,57.125,38.247,43.356,48.63,40.63,55.722,39.415,58.688,49.533,45.054,48.625,36.38,32.191,31.076,50.416,56.469,31.354,35.271,41.678,56.361,58.58,53.933,55.755,42.489,54.311,55.255,44.503,36.824,39.879,59.011,34.651,53.004,30.09,35.666,55.151,48.414
60,4.849,3.929,5.075,4.132,3.659,4.039,5.351,5.297,3.101,3.663,5.833,5.192,5.126,3.676,4.928,3.392,3.541,5.698,4.882,5.346,5.725,3.02,4.885,4.339,3.158,5.044,4.707,5.727,4.94,5.009,4.318,5.973,5.633,3.177,4.994,4.229
61,19.051,23.496,23.592,18.858,22.857,12.868,20.471,22.309,14.28,20.221,16.043,18.454,19.049,16.371,16.147,18.864,19.576,17.877,23.723,15.104,22.54,12.877,14.16,13.014,20.562,21.173,13.73,14.374,19.037,14.93,20.635,17.872,16.284,14.65,22.389,22.26
62,34.005,27.565,41.836,35.006,26.343,27.327,32.384,27.239,23.878,33.081,28.806,35.292,31.814,38.027,33.716,32.476,28.644,29.562,41.575,27.997,21.128,40.506,33.022,30.58,36.202,39.334,36.886,37.478,38.183,31.263,25.349,32.81,40.836,32.359,33.324,29.054
63,3.539,3.385,5.88,4.568,5.383,5.114,4.978,4.985,5.123,3.168,5.279,3.385,3.923,5.959,4.094,3.409,4.202,4.552,3.104,3.493,4.939,3.13,3.831,3.217,5.717,3.989,5.919,5.567,3.061,4.604,5.454,3.39,4.119,4.445,4.522,4.217
64,40.976,44.765,33.515,45.293,35.038,30.237,49.745,28.433,36.7,32.375,43.836,41.746,51.606,36.235,38.757,48.905,32.488,29.351,35.049,29.369,38.62,52.993,37.58,37.453,28.373,35.195,39.509,29.331,39.595,35.311,32.01,32.102,27.976,44.285,27.051,38.008
65,13.461,11.455,13.631,10.015,10.184,13.626,11.808,10.694,15.292,16.836,14.845,9.449,13.908,9.936,16.621,14.498,10.201,10.868,14.249,13.741,10.579,11.952,15.975,9.649,14.929,12.137,16.361,9.717,9.214,11.517,11.272,15.671,15.067,9.855,12.262,10.915
66,39.014,41.378,53.981,41.352,30.641,47.93,58.597,58.379,45.19,38.701,30.032,53.003,32.322,30.827,56.924,59.624,39.011,32.304,51.379,32.596,44.46,50.704,58.638,45.048,32.335,43.102,44.84,55.202,33.497,35.033,47.992,45.158,39.677,44.055,57.066,37.442
67,28.029,27.286,26.927,29.978,27.304,25.03,29.064,29.278,29.197,25.676,29.183,29.422,25.098,26.721,28.149,28.425,28.622,25.235,25.41,28.009,27.888,28.914,28.678,25.803,25.747,29.971,29.852,28.787,28.772,26.476,26.485,25.023,26.707,27.833,28.26,28.437
68,21.058,21.701,21.4,24.24,21.059,21.703,18.522,21.837,22.137,20.451,23.044,23.42,25.766,20.994,24.397,23.775,21.769,24.63,25.042,19.997,20.914,25.343,21.164,24.887,18.42,21.117,18.827,19.263,21.276,18.956,21.823,21.195,18.164,22.226,22.486,19.959
69,16.773,13.879,22.566,12.954,20.654,12.501,17.77,17.338,17.136,17.191,22.396,19.745,23.812,12.56,15.677,19.265,17.036,22.48,21.427,20.263,18.229,17.871,20.52,22.181,22.319,19.804,12.817,17.146,19.654,23.081,14.489,14.245,13.443,17.565,21.039,12.169
70,5.653,5.11,4.472,3.462,3.219,3.949,5.292,5.583,3.714,5.092,5.559,3.384,4.518,3.827,3.969,4.564,4.889,5.831,5.351,4.55,3.288,4.494,4.086,4.099,3.285,3.504,4.867,5.937,5.743,3.36,4.665,5.11,4.412,3.629,4.18,4.259
71,29.925,26.047,29.218,25.577,27.522,27.111,27.546,25.819,29.661,25.96,28.533,26.179,28.229,25.506,26.244,28.994,28.042,29.894,25.463,25.983,29.759,27.812,28.402,25.642,27.168,25.959,27.039,25.236,25.444,29.274,25.135,27.542,27.687,26.871,27.986,25.269
72,23.19,36.646,39.471,33.195,40.095,38.64,41.592,40.34,26.827,27.473,21.718,40.314,21.248,28.177,21.722,23.207,33.429,22.417,25.423,26.951,23.923,31.201,26.856,34.385,24.496,24.219,29.27,37.994,36.592,28.78,26.716,24.566,34.029,36.488,23.543,37.138
73,20.292,23.842,13.491,16.212,16.122,19.49,17.889,20.231,18.159,19.293,23.047,17.596,15.047,12.514,19.104,16.326,13.88,17.61,13.055,23.931,13.149,15.841,15.918,22.468,15.657,17.064,16.486,15.659,15.832,23.271,15.952,23.673,17.118,20.694,19.246,16.613
74,13.266,17.562,10.587,13.204,10.503,9.761,15.358,9.892,14.953,17.966,10.063,16.42,12.366,17.869,14.32,17.179,11.768,11.111,16.475,12.491,11.914,9.935,9.043,17.341,10.996,11.908,15.236,11.497,16.8,16.079,14.725,13.196,16.612,10.178,17.073,13.361
75,12.711,10.605,16.574,13.118,18.354,19.195,15.839,17.811,11.295,17.071,14.937,12.091,11.368,15.041,13.754,10.134,13.587,13.179,14.327,13.522,14.337,17.826,15.619,18.084,18.117,11.468,16.392,18.315,16.797,12.199,16.458,19.184,11.428,13.131,12.45,18.118
76,3.651,5.98,5.167,4.667,5.456,3.447,4.808,4.04,5.54,4.941,5.157,4.227,3.393,3.548,3.879,4.75,3.941,4.209,4.737,5.589,5.692,5.063,4.023,3.013,3.738,3.98,3.938,3.929,4.292,4.308,3.376,3.253,4.323,3.277,4.481,4.658
77,14.071,17.087,9.201,9.995,10.272,14.949,14.079,11.629,9.097,17.126,10.164,13.872,13.285,12.348,12.042,13.219,9.02,16.31,11.143,17.725,14.463,16.167,13.734,12.603,9.99,16.119,9.019,12.883,15.654,13.792,14.558,13.497,11.506,17.836,16.091,16.574
78,4.86,4.7,5.7,4.142,5.027,3.371,5.363,4.734,5.705,4.938,5.711,3.992,3.116,3.607,4.321,4.447,5.856,5.134,3.445,3.88,4.847,3.839,4.172,5.879,4.234,5.693,3.738,5.611,5.385,5.46,4.522,3.922,4.619,3.065,3.116,5.039
79,23.575,25.735,35.055,18.344,33.789,27.46,33.631,35.32,28.342,21.298,32.324,29.2,27.505,27.998,26.406,31.962,19.042,35.942,27.521,21.515,29.716,23.625,26.81,20.004,30.581,26.687,26.091,26.109,22.097,23.044,23.635,34.734,34.17,35.138,24.546,23.002
80,31.268,29.742,28.108,34.52,35.388,33.554,29.744,23.571,38.407,30.886,23.004,30.482,24.617,41.947,41.552,38.881,36.973,37.867,21.461,41.193,38.5,27.142,27.305,22.733,26.422,28.331,28.881,21.821,40.821,41.591,24.248,21.188,41.719,34.855,39.131,34.564
81,23.456,32.798,29.646,37.777,33.192,31.52,37.043,25.695,29.306,33.861,23.32,21.188,26.693,39.95,39.554,21.346,27.491,37.38,29.058,25.842,27.727,22.385,24.288,38.195,29.018,24.957,34.22,22.197,34.335,28.66,33.481,38.89,30.216,37.748,24.549,29.437
82,38.343,33.967,35.019,42.248,33.566,33.848,52.076,47.02,46.956,34.856,39.762,28.885,51.277,44.977,45.333,30.425,29.568,49.531,29.935,45.046,47.391,48.591,28.697,36.251,50.322,35.494,52.773,30.107,31.091,49.123,44.091,44.641,50.099,31.149,41.522,49.333
83,28.673,23.716,36.153,31.087,29.287,36.798,26.173,33.264,26.594,23.384,37.967,30.527,25.187,37.148,41.39,39.271,21.819,32.321,25.507,30.597,41.068,24.575,32.336,28.553,24.155,36.72,38.725,22.119,30.19,26.278,27.731,27.8,28.899,38.15,23.516,41.887
84,40.726,49.499,30.188,46.181,40.339,43.038,45.101,31.991,49.599,47.656,49.181,52.825,29.496,36.469,28.587,41.355,52.874,33.114,37.682,43.159,46.8,41.505,46.329,36.307,46.54,33.414,49.533,49.578,48.429,27.779,46.921,41.566,34.627,51.992,30.037,48.338
85,4.257,5.901,3.106,4.789,4.18,3.348,3.319,3.163,4.374,3.232,3.084,4.605,4.762,4.37,3.617,3.458,4.657,3.872,3.008,3.678,3.447,3.465,4.838,3.617,4.719,5.171,4.281,5.996,5.565,4.675,3.419,3.407,3.1,3.629,4.189,5.103
86,35.473,38.325,35.908,27.401,36.193,37.127,33.429,33.38,30.089,23.804,30.13,31.713,28.308,41.577,27.486,35.098,40.883,35.587,35.17,38.6,30.797,31.234,29.404,38.095,33.408,29.961,23.288,29.64,27.007,25.936,33.895,27.461,33.122,27.984,26.424,40.54
87,12.807,17.387,16.789,17.771,15.872,14.771,16.382,9.236,12.531,16.392,13.744,16.421,11.417,11.246,14.908,10.92,9.847,15.843,14.393,17.769,12.866,13.464,9.189,9.486,13.806,9.111,13.839,16.275,11.804,10.364,10.471,11.755,10.493,14.846,17.527,9.575
88,4.398,4.848,5.759,3.339,3.433,3.482,5.814,4.193,4.626,3.179,5.081,4.601,3.666,4.646,4.91,4.251,5.24,4.058,3.629,3.356,4.159,5.65,3.741,3.605,4.07,5.417,3.823,4.922,4.598,3.557,4.54,4.999,4.249,3.733,5.103,3.248
89,14.884,22.91,14.139,23.152,17.665,19.726,15.869,18.509,13.618,23.298,14.322,14.89,20.639,15.06,22.57,17.197,23.504,16.46,23.856,20.101,17.765,13.283,15.61,15.003,18.442,23.653,17.857,14.047,19.914,19.599,17.402,19.179,18.816,16.122,14.231,14.837
90,14.959,14.425,14.081,21.684,12.568,18.613,18.661,16.295,23.584,15.532,13.869,17.071,22.229,21.621,22.488,19.656,23.822,20.951,16.655,14.141,16.862,18.197,19.383,15.702,14.606,14.619,14.158,14.27,21.122,23.192,22.365,23.662,20.449,16.479,18.449,15.402
91,23.073,22.748,23.371,21.939,22.487,21.747,22.293,21.832,22.445,22.322,23.925,22.753,23.236,21.996,23.761,21.423,22.215,21.457,21.227,22.555,22.148,22.815,21.946,23.242,21.641,21.408,21.589,21.033,22.842,23.072,23.51,21.964,21.48,23.829,22.592,23.22
92,4.691,15.549,2.011,21.082,19.188,8.594,16.976,19.252,18.323,10.709,13.936,21.684,5.669,21.545,11.355,10.888,21.611,2.963,6.886,21.447,19.717,9.553,20.793,17.726,2.756,10.227,2.467,16.101,14.769,14.114,22.83,21.702,16.599,19.927,8.59,7.931
93,5.101,5.92,3.137,3.681,3.136,5.758,4.822,3.334,5.016,5.728,4.547,4.637,3.358,4.396,4.452,3.118,4.842,4.598,4.625,3.47,3.73,4.028,5.61,5.883,5.39,3.356,5.85,3.541,4.722,4.848,5.835,5.074,5.658,3.142,4.21,5.571
94,5.82,5.945,3.467,3.481,5.458,5.936,3.605,3.916,4.594,3.157,4.689,3.504,3.056,4.581,5.735,3.927,5.238,3.328,4.967,5.031,4.008,3.445,5.265,5.086,4.805,4.903,4.63,5.869,3.071,4.058,3.161,5.408,4.433,4.619,5.396,5.663
95,19.346,16.15,19.885,17.236,23.862,20.044,19.662,13.309,21.382,17.222,18.383,16.601,20.853,17.534,18.614,23.297,21.303,23.946,19.18,16.83,21.634,13.086,20.355,19.77,18.75,16.756,23.642,14.423,18.119,22.355,21.911,23.477,19.048,15.219,23.417,20.78
96,5.242,3.033,3.706,5.174,5.173,5.802,4.747,3.719,5.572,3.006,3.318,3.016,3.987,3.966,4.881,4.158,3.091,5.352,5.521,4.213,3.172,4.695,5.13,5.317,5.03,3.059,4.944,5.868,4.648,5.05,5.928,5.613,5.623,5.236,3.683,5.145
97,21.274,21.137,15.473,12.851,19.57,19.566,14.52,16.403,14.528,14.509,13.502,21.469,12.51,22.649,21.253,15.639,16.24,23.648,13.317,17.319,21.328,12.343,18.133,22.239,17.926,15.623,14.59,14.361,13.527,19.001,18.607,22.131,17.513,12.752,23.696,21.77
98,29.306,36.594,25.528,26.183,40.454,22.591,25.195,32.351,38.827,37.781,25.766,21.617,31.369,28.914,34.532,22.788,41.462,24.028,23.742,21.231,40.748,27.878,24.216,24.637,22.402,30.787,28.445,26.14,34.053,31.571,24.647,32.55,34.854,21.953,23.977,21.533
99,33.69,35.24,31.534,19.823,23.482,34.332,34.797,20.279,25.352,33.098,32.387,32.19,33.809,32.723,24.517,23.176,34.108,23.528,26.845,25.248,33.831,31.461,27.728,18.366,23.476,20.74,33.756,31.014,18.237,30.919,23.68,28.01,25.122,20.206,25.44,25.761
100,10.216,17.186,9.006,14.039,16.86,10.842,12.182,11.141,12.467,11.33,10.263,9.112,11.003,16.551,9.715,14.283,14.262,12.623,9.084,10.282,12.455,12.394,11.765,17.426,14.692,15.089,12.035,14.319,9.681,15.117,13.804,9.24,15.429,17.045,9.487,11.58
101,26.412,23.866,24.119,28.074,25.098,26.939,25.586,26.659,26.63,24.837,27.349,27.906,28.579,28.401,26.377,23.264,23.427,25.206,23.772,25.599,23.076,25.67,28.265,27.292,27.025,25.317,25.3,24.916,23.806,23.124,23.59,24.489,23.788,28.769,27.143,23.206
102,11.096,11.513,12.948,9.375,10.857,9.578,9.562,13.039,14.582,11.096,14.452,11.418,10.291,12.287,10.991,11.6,13.213,9.836,12.581,12.441,10.883,13.294,10.53,9.94,9.826,11.788,10.472,14.547,11.677,13.512,12.191,12.277,11.275,11.533,13.986,14.826
103,22.911,29.281,28.906,20.035,29.376,26.061,21.064,29.481,22.375,21.199,29.987,24.89,29.531,27.617,29.034,23.393,22.226,22.011,24.776,29.794,22.436,21.464,26.485,28.793,20.523,24.969,29.202,29.395,21.182,29.973,25.674,26.53,26.356,28.437,29.534,22.94
104,18.434,20.718,19.733,23.629,20.603,22.512,22.482,20.28,21.555,23.471,19.658,23.337,18.812,18.608,21.941,21.397,23.326,23.862,23.767,22.695,21.565,19.293,20.226,19.849,19.085,19.933,21.005,19.118,21.958,21.017,19.309,23.361,23.338,21.608,23.31,18.881
105,9.5,9.55,13.832,8.897,8.522,11.499,9.261,12.891,13.908,11.814,8.611,10.167,12.465,10.367,8.862,10.333,12.012,12.517,12.549,11.916,13.264,9.829,12.268,11.815,10.762,9.085,12.089,12.536,8.323,8.118,8.986,10.245,13.48,10.592,9.596,11.975
106,30.035,33.603,28.222,30.028,28.145,30.174,28.406,30.269,33.413,29.213,28.82,30.329,28.227,30.576,30.268,29.999,32.42,32.648,32.968,32.113,31.992,28.056,28.112,29.399,28.584,28.186,31.739,30.992,30.799,31.373,28.43,32.789,28.668,29.71,30.408,31.775
107,23.559,26.112,25.059,24.613,24.635,27.378,23.545,25.465,27.321,27.253,24.387,26.296,25.889,25.566,26.104,28.998,28.23,24.912,24.208,24.34,23.17,25.362,27.631,25.446,27.374,26.771,25.809,26.285,26.474,28.612,25.887,25.725,23.063,24.41,24.271,27.882
108,6.265,3.445,6.418,6.831,7.153,3.584,7.136,5.554,5.707,3.207,5.717,7.604,6.222,6.772,6.337,5.33,6.584,3.332,7.98,4.867,4.161,5.528,5.571,5.979,7.459,7.262,4.55,6.199,6.711,5.05,4.595,4.225,7.514,3.516,3.544,3.692
109,14.506,14.699,16.773,15.755,15.844,17.9,15.908,14.834,15.765,15.429,13.664,17.968,17.375,12.29,14.147,17.8,14.827,14.559,15.423,14.633,15.144,14.737,17.121,16.951,17.011,15.374,15.317,12.76,17.694,16.623,13.244,12.795,15.269,14.484,12.53,16.861
110,27.361,24.041,27.131,25.726,26.489,27.767,28.16,26.071,25.294,28.119,27.357,24.734,25.699,28.115,24.523,25.716,23.674,27.72,23.018,27.242,24.25,28.195,27.69,27.115,28.259,23.03,26.243,28.597,25.996,26.378,25.06,25.052,27.614,25.749,27.845,27.315
111,12.897,15.422,11.008,13.811,12.623,10.061,14.236,11.29,14.778,10.759,12.891,14.321,12.66,10.453,15.531,14.028,13.821,14.545,12.713,10.098,13.335,13.881,14.161,12.463,13.603,13.305,14.395,15.083,10.626,12.263,13.31,10.811,11.302,15.976,12.405,12.797
112,23.038,26.495,23.02,24.079,26.526,23.779,25.086,22.374,21.207,24.389,22.782,22.348,24.757,21.931,22.719,24.118,26.337,25.316,25.087,22.761,21.296,23.046,22.082,22.055,23.35,25.883,23.478,25.499,25.143,24.341,25.593,21.54,26.521,22.037,24,25.227
113,11.295,10.108,9.534,6.176,6.455,9.745,8.442,11.365,9.193,7.199,11.968,9.366,11.061,6.816,11.465,7.033,6.003,7.509,7.593,10.267,8.322,6.167,9.013,7.583,8.382,9.468,9.918,6.863,9.798,10.431,9.595,8.199,8.617,6.664,11.514,7.988
114,41.609,41.453,40.395,44.672,43.349,42.14,41.908,40.189,40.035,44.516,41.196,43.281,40.246,41.098,41.325,41.866,43.711,40.483,43.691,40.12,44.436,43.557,42.31,45.749,45.185,42.786,40.022,45.569,40.051,44.806,44.681,45.362,43.321,44.353,43.098,42.915
115,5.606,4.765,1.726,4.494,4.238,1.391,1.068,3.119,1.802,5.029,2.58,5.901,3.926,2.245,3.733,5.758,3.237,4.594,3.377,5.048,5.711,4.986,4.403,1.918,1.136,2.095,4.802,4.823,1.716,4.191,3.496,1.684,2.797,5.977,3.431,5.06
116,18.689,18.076,20.925,17.448,19.161,19.683,17.415,20.485,15.329,20.734,17.02,18.18,20.102,20.182,20.693,16.804,18.977,18.92,17.082,17.323,19.59,19.179,15.718,16.796,16.921,19.034,17.013,16.254,17.167,15.092,18.961,15.387,15.263,20.514,20.52,17.023
117,21.025,25.307,22.297,25.151,23.96,25.284,25.559,21.953,23.282,25.397,22.68,26.403,25.665,21.463,24.862,23.534,21.801,26.178,26.864,24.911,25.799,21.594,23.884,26.441,26.852,25.465,21.494,25.817,22.481,23.467,24.797,25.308,26.552,22.896,25.079,22.705
118,29.17,30.506,27.913,27.48,31.914,29.778,32.963,27.071,31.695,30.568,28.493,32.694,30.393,29.742,28.045,28.344,27.693,32.392,27.859,29.983,29.158,27.429,31.68,29.284,30.699,31.939,32.233,28.487,28.623,30.133,31.292,29.393,27.113,29.867,31.265,28.746
119,14.745,15.183,15.265,16.935,15.272,17.074,12.895,17.154,13.086,14.814,17.217,12.127,12.855,15.937,12.385,16.199,15.324,14.979,14.498,17.476,12.345,16.905,15.358,16.442,15.344,12.591,16.669,15.475,14.681,14.613,17.476,13.067,17.712,17.715,13.382,14.094
120,23.339,25.69,21.8,22.853,20.027,24.974,20.314,25.047,24.343,24.936,25.349,21.37,22.282,21.835,22.983,24.13,22.314,21.356,22.818,21.864,24.141,25.004,21.201,23.971,24.574,20.052,25.944,21.994,23.307,20.16,23.46,21.555,24.368,21.507,23.03,24.851
121,33.098,30.656,35.645,34.72,31.521,30.994,32.04,30.143,34.894,31.066,34.738,34.259,34.72,31.966,32.021,31.121,34.549,32.689,33.948,35.316,31.702,31.329,35.157,31.344,35.726,33.244,33.118,32.106,32.508,34.371,34.152,30.266,32.165,33.501,35.514,31.241
122,3.63,3.242,7.649,3.681,4.83,5.423,3.845,6.547,5.899,6.085,5.642,4.134,3.581,8.878,6.066,8.769,5.347,5.893,3.531,4.883,4.294,8.964,3.326,3.684,4.151,4.404,7.765,8.727,6.473,7.537,4.614,7.013,7.834,8.93,5.404,8.606
123,28.735,23.689,25.724,27.996,25.232,26.926,23.76,26.842,25.473,24.182,26.204,27.231,25.825,28.432,26.801,24.674,28.21,26.081,24.211,23.907,25.301,25.95,27.415,28.266,26.983,24.818,26.885,23.82,24.082,25.483,26.596,26.544,24.519,26.602,26.484,28.907
124,27.653,27.494,24.834,24.48,25.524,26.224,25.88,23.395,23.527,27.627,26.226,27.664,26.45,24.204,27.968,28.24,23.166,23.748,27.176,25.653,28.354,25.367,26.516,25.714,28.296,25.378,28.73,24.19,27.754,23.323,25.732,26.744,25.455,25.143,24.37,25.371
125,6.459,6.29,5.644,6.134,6.663,5.628,4.178,4.916,3.784,7.853,3.548,3.58,6.997,5.428,3.293,4.704,4.31,6.882,4.702,7.094,7.373,3.738,6.808,6.47,5.679,5.232,5.95,4.612,4.858,5.135,7.055,6.433,6.12,5.74,4.122,7.291
126,28.382,33.241,33.625,32.262,32.713,33.864,32.8,32.039,31.826,30.569,28.368,32.725,28.96,32.562,32.977,28.34,30.38,28.916,28.871,28.843,30.031,31.545,28.639,33.808,32.771,30.543,30.505,30.575,30.801,28.787,30.042,30.509,30.235,30.498,32.59,28.946
127,14.445,16.505,17.283,15.287,16.695,16.354,15.161,14.632,14.809,14.467,15.494,14.389,16.896,14.738,18.246,18.362,13.849,17.439,18.378,13.972,14.861,16.078,16.455,13.811,13.571,16.015,15.36,16.948,16.524,18.311,15.289,13.872,14.961,15.571,14.205,15.057
128,7.073,7.164,5.933,8.734,8.138,9.612,8.463,7.032,9.691,7.146,7.106,8.718,9.963,5.109,4.092,7.991,6.363,6.305,5.408,7.922,9.673,8.605,4.469,5.186,7.048,7.569,6.042,7.406,4.011,7.027,9.738,9.516,8.349,6.614,8.663,4.794
129,35.123,36.555,34.181,32.166,34.424,33.19,36.829,35.975,36.122,35.047,35.933,33.087,33.365,32.003,33.477,34.279,35.754,32.919,35.737,35.745,36.872,35.059,32.533,34.526,35.353,36.522,32.569,32.566,33.16,34.51,34.018,34.083,34.114,36.126,32.705,35.111
130,51.723,51.434,53.105,51.702,49.087,49.071,53.09,52.098,50.122,52.898,48.98,52.205,52.71,51.749,48.108,52.658,51.79,50.348,51.654,50.602,48.249,53.027,50.661,50.581,50.594,53.351,53.074,52.222,50.242,48.661,49.182,52.007,51.437,51.415,52.062,53.603
131,22.31,21.682,26.861,22.304,23.992,23.103,22.386,26.452,24.593,26.912,21.515,22.277,26.895,25.015,25.166,25.24,23.918,21.894,24.471,22.989,23.116,23.961,26.032,22.315,21.697,25.714,22.843,22.004,23.419,21.707,23.246,26.036,26.185,26.718,25.319,21.232
132,7.463,6.365,7.994,8.988,9.613,4.704,7.17,5.28,8.421,6.167,5.196,7.272,4.39,7.589,7.172,8.852,7.04,4.18,8.196,7.383,8.606,9.759,4.43,7.044,9.003,5.8,8.525,8.138,5.951,4.975,8.777,4.534,5.827,7.078,4.23,6.558
133,16.129,15.293,19.308,15.931,18.505,15.713,16.329,15.83,18.958,17.662,20.216,19.021,20.945,15.019,16.287,18.834,18.659,16.601,17.435,19.69,16.487,19.501,20.825,15.497,20.704,20.528,20.093,16.409,16.617,16.703,18.555,19.324,15.727,15.88,20.553,17.391
134,17.828,21.204,20.019,22.81,22.243,22.3,22.28,21.469,22.89,19.329,18.636,18.462,21.537,19.264,21.142,21.641,19.077,18.361,18.246,17.232,19.356,20.363,20.757,20.211,19.028,18.932,20.025,22.099,21.593,20.902,22.674,17.669,20.228,19.572,20.129,22.082
135,13.333,17.18,9.36,14.084,15.021,13.945,14.974,13.407,16.759,8.997,10.282,8.126,17.305,9.098,13.132,14.011,8.587,16.534,10.135,10.836,9.779,15.465,11.312,9.29,8.881,16.452,12.051,13.933,15.177,17.194,15.032,10.015,14.136,15.787,12.153,15.892
136,11.139,9.622,9.136,12.818,8.642,9.529,8.27,10.749,12.549,12.686,13.908,10.297,10.571,8.761,13.544,12.398,9.721,8.697,11.623,12.166,11.682,13.972,8.153,13.97,11.917,10.181,8.434,8.848,13.436,8.616,9.767,8.066,10.41,11.422,11.022,12.413
137,8.373,12.635,13.522,8.311,9.778,9.603,8.973,12.618,14.903,11.403,13.901,8.287,9.875,9.483,14.467,8.48,10.455,9.766,11.245,8.673,13.364,8.306,8.127,9.925,11.981,11.138,8.595,9.047,14.796,10.953,14.218,9.563,12.97,9.731,9.553,12.234
138,20.593,17.346,19.076,20.821,16.056,19.59,18.97,19.094,18.816,19.624,20.763,19.176,20.272,17.103,18.553,19.262,19.804,15.02,19.328,16.716,20.374,15.46,18.722,18.654,17.71,19.896,19.852,19.147,19.053,16.861,16.606,15.606,20.952,20.658,19.098,18.989
139,24.701,24.504,21.297,23.603,26.683,21.269,22.132,24.066,23.134,25.243,23.294,22.538,21.158,24.816,24.192,22.576,24.138,22.73,21.703,21.532,22.712,25.917,26.646,24.598,23.607,22.19,23.442,26.29,26.001,22.136,22.961,21.772,22.941,26.186,21.693,21.692
140,25.071,28.062,28.199,23.29,23.604,26.852,25.074,26.22,26.157,24.491,24.532,24.556,27.424,24.16,27.779,28.627,24.203,23,24.454,27.778,25.76,27.364,28.625,26.248,27.937,27.224,23.095,27.57,23.124,25.733,25.152,28.814,27.003,28.439,26.541,25.704
141,38.983,36.935,37.08,36.822,35.835,34.071,35.743,38.125,36.808,37.452,35.307,35.239,36.409,37.217,34.614,34.522,35.247,37.084,34.981,37.286,37.705,37.188,38.556,34.089,34.294,38.397,34.075,38.912,36.54,34.759,37.315,36.542,37.249,35.016,35.911,37.439
142,33.926,35.46,33.731,32.303,30.397,31.246,34.608,31.384,30.617,30.494,31.331,34.315,30.572,30.238,31.384,32.334,31.952,32.295,32.302,35.651,30.967,35.267,32.695,30.981,32.499,34.239,34.999,31.101,31.744,35.83,34.317,35.235,30.864,34.679,32.592,31.851
143,10.271,14.641,13.577,14.272,14.447,13.767,13.708,15.21,14.335,13.061,11.115,14.52,13.257,12.731,10.969,14.143,12.836,13.219,12.296,13.085,15.837,10.656,11.312,12.033,11.311,12.393,11.934,11.259,14.624,13.852,12.357,12.893,14.991,12.542,13.404,13.276
144,31.605,31.246,27.146,32.835,29.862,30.748,32.644,29.02,30.435,31.815,28.416,31.994,31.971,28.065,30.154,30.055,30.91,30.623,30.411,31.143,31.426,27.342,27.408,29.161,29.912,31.345,28.816,30.625,28.062,31.288,32.843,30.334,32.979,28.907,31.042,32.072
145,30.474,28.719,26.982,25.581,30.557,30.935,25.796,28.112,27.283,28.061,30.648,26.846,30.446,28.712,28.45,29.017,26.249,25.734,25.193,29.599,27.265,30.739,26.636,26.235,26.94,28.805,29.126,28.961,25.726,25.15,25.602,26.42,28.826,29.386,30.851,26.833
146,24,23.246,26.51,27.983,28.085,23.319,23.099,26.501,23.127,28.025,26.051,26.412,28.512,23.656,28.554,28.253,23.763,24.999,23.754,26.794,27.786,27.226,28.736,23.44,26.696,27.334,26.045,28.068,24.44,26.252,28.392,27.009,26.906,28.868,24.293,25.995
147,11.428,8.162,9.112,8.464,9.397,9.865,8.4,10.604,11.596,11.625,12.667,13.817,12.073,9.694,13.459,8.059,10.948,8.362,13.797,11.682,12.473,11.103,13.899,8.852,8.271,13.54,10.534,11.084,12.461,14,11.838,10.303,11.025,13.159,8.046,9.059
148,6.411,9.508,11.356,9.514,6.695,11.934,8.462,9.523,9.661,8.634,7.415,8.882,8.329,6.695,8.353,7.925,10.015,10.84,7.246,8.715,10.405,9.577,11.251,7.874,8.362,9.413,6.773,9.444,7.223,8.575,10.312,6.961,7.044,10.062,11.595,7.463
149,8.689,3.166,8.197,7.539,3.965,4.345,3.875,3.339,3.567,5.039,3.365,5.014,6.504,3.643,6.035,6.29,8.816,4.121,7.123,7.9,4.822,8.39,4.221,6.711,8.562,6.454,3.458,5.551,4.842,6.783,7.989,5.194,7.848,3.394,4.07,4.657
150,55.674,55.676,50.914,52.333,54.874,52.093,51.648,50.891,53.106,55.002,52.873,55.777,51.257,55.127,50.266,51.741,50.8,51.944,55.16,51.38,51.193,55.176,52.339,52.606,50.485,54.246,51.538,51.991,53.206,50.978,52.125,53.812,51.18,50.96,54.065,53.882
,,,,,,,,,,,,,,,,,,,,,,,,,,,,,,,,,,,,
